Channel_Group,Campaign_Group,FF_Lead_Event_Count_Actual,FF_Lead_Event_Count_LW,FF_Lead_Event_Count_YoY,FF_Lead_Event_Count_WoW,FF_Purchase_Event_Count_Actual,FF_Purchase_Event_Count_LW,FF_Purchase_Event_Count_YoY,FF_Purchase_Event_Count_WoW,FF_BRSubmit_Event_Count_Actual,FF_BRSubmit_Event_Count_LW,FF_BRSubmit_Event_Count_YoY,FF_BRSubmit_Event_Count_WoW,FF_DMSubmit_Event_Count_Actual,FF_DMSubmit_Event_Count_LW,FF_DMSubmit_Event_Count_YoY,FF_DMSubmit_Event_Count_WoW,FF_PhoneGet_Event_Count_Actual,FF_PhoneGet_Event_Count_LW,FF_PhoneGet_Event_Count_YoY,FF_PhoneGet_Event_Count_WoW,Housing Requests_Actual,Housing Requests_LW,Housing Requests_YoY,Housing Requests_WoW,Total Traveler Actions_Actual,Total Traveler Actions_LW,Total Traveler Actions_YoY,Total Traveler Actions_WoW,Traveler Value_Actual,Traveler Value_LW,Traveler Value_YoY,Traveler Value_WoW,Landlord Value_Actual,Landlord Value_LW,Landlord Value_YoY,Landlord Value_WoW,Sessions_Actual,Sessions_LW,Sessions_YoY,Sessions_WoW,Impressions_Actual,Impressions_LW,Impressions_YoY,Impressions_WoW,Clicks_Actual,Clicks_LW,Clicks_YoY,Clicks_WoW,Cost_Actual,Cost_LW,Cost_YoY,Cost_WoW,Lead_Conversion_Actual,Lead_Conversion_LW,Lead_Conversion_YoY,Lead_Conversion_WoW,CPL_Actual,CPL_LW,CPL_YoY,CPL_WoW,CAC_Actual,CAC_LW,CAC_YoY,CAC_WoW,Traveler_Conversion_Actual,Traveler_Conversion_LW,Traveler_Conversion_YoY,Traveler_Conversion_WoW,CPTA_Actual,CPTA_LW,CPTA_YoY,CPTA_WoW,ROAS_Actual,ROAS_LW,ROAS_YoY,ROAS_WoW
SEM Brand,Google Search - Brand,1663,1595.0,0.0,0.04263322884012544,544,561.0,0.0,-0.030303030303030276,3379,3236.0,0.0,0.04419035846724362,4547,5012.0,0.0,-0.09277733439744618,7459,8495.0,0.0,-0.12195409064155383,553,699.0,0.0,-0.20886981402002858,15385,16743.0,0.0,-0.08110852296482107,30770,33486.0,0.0,-0.08110852296482107,130560,134640.0,0.0,-0.030303030303030276,112699,119393.0,0.0,-0.05606693859774026,74494,72706.0,0.0,0.024592193216515845,53351,52071.0,0.0,0.02458182097520689,17311.177648,15950.32213,0.0,0.08531837206224502,0.3271196632591702,0.35172413793103446,0.0,-0.06995389857686907,10.409607725796754,10.000201962382446,0.0,0.040939749512495904,31.822017735294118,28.431946755793227,0.0,0.11923457118919023,0.1365140773210055,0.14023435209769416,0.0,-0.026528983241545068,1.125198417159571,0.9526561625754046,0.0,0.18111702979773603,9.31941219022952,10.540602166509348,0.0,-0.115855807570455
SEM Brand,Google Search - Brand Broad,60,68.0,0.0,-0.11764705882352944,57,39.0,0.0,0.46153846153846145,398,386.0,0.0,0.031088082901554515,440,465.0,0.0,-0.053763440860215006,893,883.0,0.0,0.011325028312570762,54,61.0,0.0,-0.11475409836065575,1731,1734.0,0.0,-0.0017301038062284002,3462,3468.0,0.0,-0.0017301038062284002,13680,9360.0,0.0,0.46153846153846145,13979,12989.0,0.0,0.07621833859419502,15873,14954.0,0.0,0.061455129062458314,7889,7549.0,0.0,0.045039078023579204,13779.863552,13759.169486,0.0,0.0015040199934346354,0.95,0.5735294117647058,0.0,0.6564102564102565,229.66439253333334,202.34072773529414,0.0,0.13503788932589256,241.7519921403509,352.7992175897436,0.0,-0.3147604073729131,0.12382860004292152,0.13349757487104472,0.0,-0.07242809345011081,7.96063752281918,7.934930499423299,0.0,0.0032397288669068214,1.2439890957782396,0.9323237142367155,0.0,0.3342888063259033
SEM Non-Brand,Google Search - Housing,94,99.0,0.0,-0.0505050505050505,20,18.0,0.0,0.11111111111111116,220,231.0,0.0,-0.04761904761904767,271,295.0,0.0,-0.08135593220338988,526,400.0,0.0,0.31499999999999995,44,58.0,0.0,-0.24137931034482762,1017,926.0,0.0,0.09827213822894176,2034,1852.0,0.0,0.09827213822894176,4800,4320.0,0.0,0.11111111111111116,7985,9681.0,0.0,-0.17518851358330756,23360,31543.0,0.0,-0.2594236439146562,4453,5517.0,0.0,-0.19285843755664311,10056.089849,9277.583902,0.0,0.08391257413820585,0.2127659574468085,0.18181818181818182,0.0,0.17021276595744683,106.97967924468085,93.71296870707071,0.0,0.14156749829449322,502.80449245,515.4213278888889,0.0,-0.024478683275614754,0.12736380713838447,0.09565127569465964,0.0,0.33154321480205184,9.887993951819075,10.018989095032397,0.0,-0.013074686674554026,0.6795882000477141,0.6652594107685171,0.0,0.021538649506128937
SEM Non-Brand,Google Search - Healthcare,0,2.0,0.0,-1.0,0,1.0,0.0,-1.0,5,1.0,0.0,4.0,9,14.0,0.0,-0.3571428571428571,17,5.0,0.0,2.4,3,0.0,0.0,2.0,31,20.0,0.0,0.55,62,40.0,0.0,0.55,0,240.0,0.0,-1.0,183,120.0,0.0,0.5249999999999999,646,542.0,0.0,0.19188191881918826,120,72.0,0.0,0.6666666666666667,66.211335,51.120111,0.0,0.29521109607919294,0.0,0.5,0.0,-1.0,66.211335,25.5600555,0.0,1.5904221921583859,66.211335,51.120111,0.0,0.29521109607919294,0.16939890710382513,0.16666666666666666,0.0,0.016393442622950838,2.1358495161290323,2.55600555,0.0,-0.164379938013424,0.9363955582529788,5.47729640101916,0.0,-0.8290405540078598
SEM Non-Brand,Google Search - Travel Nurse,150,242.0,0.0,-0.3801652892561983,26,62.0,0.0,-0.5806451612903225,85,93.0,0.0,-0.08602150537634412,71,68.0,0.0,0.044117647058823595,132,168.0,0.0,-0.2142857142857143,22,28.0,0.0,-0.2142857142857143,288,329.0,0.0,-0.12462006079027355,576,658.0,0.0,-0.12462006079027355,6240,14880.0,0.0,-0.5806451612903225,4930,7250.0,0.0,-0.31999999999999995,8684,13700.0,0.0,-0.36613138686131386,2718,4516.0,0.0,-0.3981399468556245,18110.218212,26459.08474,0.0,-0.3155387501132437,0.17333333333333334,0.256198347107438,0.0,-0.3234408602150537,120.73478808,109.3350609090909,0.0,0.10426414981730026,696.5468543076923,426.75943129032254,0.0,0.6321768266530345,0.05841784989858012,0.04537931034482759,0.0,0.28732344001430343,62.882702125,80.42274996960487,0.0,-0.2180980860668652,0.37636211337772035,0.5872463145526023,0.0,-0.3591068959462872
SEM Non-Brand,Google Search - Travel Nurse Housing,33,21.0,0.0,0.5714285714285714,16,4.0,0.0,3.0,21,22.0,0.0,-0.045454545454545414,55,37.0,0.0,0.4864864864864864,37,64.0,0.0,-0.421875,4,5.0,0.0,-0.19999999999999996,113,123.0,0.0,-0.08130081300813008,226,246.0,0.0,-0.08130081300813008,3840,960.0,0.0,3.0,1383,1057.0,0.0,0.3084200567644275,4821,2053.0,0.0,1.3482708231855822,611,255.0,0.0,1.396078431372549,745.808746,238.773383,0.0,2.1235003526335263,0.48484848484848486,0.19047619047619047,0.0,1.5454545454545459,22.60026503030303,11.370161095238094,0.0,0.9876820425849715,46.613046625,59.69334575,0.0,-0.21912491184161842,0.08170643528561099,0.11636707663197729,0.0,-0.29785608051308277,6.600077398230089,1.9412470162601625,0.0,2.399916313043573,5.451799837166297,5.050814227480289,0.0,0.07939029067914238
SEM Non-Brand,Google Search - Corporate,54,43.0,0.0,0.2558139534883721,13,5.0,0.0,1.6,48,44.0,0.0,0.09090909090909083,46,46.0,0.0,0.0,90,96.0,0.0,-0.0625,11,9.0,0.0,0.22222222222222232,184,186.0,0.0,-0.010752688172043001,368,372.0,0.0,-0.010752688172043001,3120,1200.0,0.0,1.6,2561,2234.0,0.0,0.14637421665174566,12235,11164.0,0.0,0.09593335721963459,1612,1357.0,0.0,0.18791451731761244,4128.448169,3157.574739,0.0,0.3074744100301088,0.24074074074074073,0.11627906976744186,0.0,1.0703703703703704,76.45274387037037,73.43197067441861,0.0,0.04113703020916071,317.5729360769231,631.5149478000001,0.0,-0.49712522691149663,0.07184693479109723,0.08325872873769025,0.0,-0.13706423482090746,22.43721830978261,16.97620827419355,0.0,0.32168608840000146,0.8448695144560503,0.49785044850525073,0.0,0.697034756105356
SEM Non-Brand,Google Search - Landlord,134,108.0,0.0,0.2407407407407407,23,18.0,0.0,0.2777777777777777,18,30.0,0.0,-0.4,16,19.0,0.0,-0.1578947368421053,35,29.0,0.0,0.2068965517241379,6,10.0,0.0,-0.4,69,78.0,0.0,-0.11538461538461542,138,156.0,0.0,-0.11538461538461542,5520,4320.0,0.0,0.2777777777777777,2404,1930.0,0.0,0.24559585492227987,7648,6023.0,0.0,0.26979910343682545,1667,1242.0,0.0,0.34219001610305955,7917.286099,6290.563862,0.0,0.25859720570149425,0.17164179104477612,0.16666666666666666,0.0,0.029850746268656803,59.08422461940298,58.245961685185186,0.0,0.01439177772956235,344.22983039130435,349.4757701111111,0.0,-0.015010882494482791,0.02870216306156406,0.04041450777202073,0.0,-0.28980545245104317,114.74327679710144,80.64825464102564,0.0,0.42276205861908034,0.7146388205820475,0.7115419377646881,0.0,0.00435235458796468
SEM Non-Brand - Tenant,Google Search - Tenants,34,18.0,0.0,0.8888888888888888,8,1.0,0.0,7.0,346,119.0,0.0,1.907563025210084,269,86.0,0.0,2.127906976744186,601,211.0,0.0,1.8483412322274884,74,27.0,0.0,1.740740740740741,1216,416.0,0.0,1.923076923076923,2432,832.0,0.0,1.923076923076923,1920,240.0,0.0,7.0,9587,3145.0,0.0,2.048330683624801,74618,24301.0,0.0,2.0705732274392,6943,2239.0,0.0,2.1009379187137114,3520.347254,1313.119507,0.0,1.680903935425277,0.23529411764705882,0.05555555555555555,0.0,3.235294117647059,103.53962511764705,72.95108372222222,0.0,0.41930208346044084,440.04340675,1313.119507,0.0,-0.6648870080718403,0.12683842703661208,0.13227344992050874,0.0,-0.04108929560061303,2.895022412828947,3.156537276442308,0.0,-0.08284865367030003,1.2362416790147714,0.8163765706665417,0.0,0.5143032314185907
SEM Non-Brand,Google Search - Non-Brand (Other),1,0.0,-0.9995850622406639,0.0,1,0.0,-0.9988901220865705,0.0,0,1.0,0.0,-1.0,0,1.0,0.0,-1.0,0,7.0,0.0,-1.0,0,0.0,0.0,-1.0,0,9.0,0.0,-1.0,0,18.0,0.0,-1.0,240,0.0,-0.9988901220865705,239.0,22,29.0,-0.9998732777291369,-0.24137931034482762,0,0.0,0.0,-1.0,0,0.0,0.0,-1.0,0.0,0.0,0.0,-1.0,1.0,0.0,0.0,0.0,0.0,0.0,0.0,-1.0,0.0,0.0,0.0,-1.0,0.0,0.3103448275862069,0.0,-1.0,0.0,0.0,0.0,-1.0,240.0,18.0,0.0,12.333333333333334
SEM Brand,Google Search - TNH Brand,0,0.0,0.0,-1.0,0,0.0,0.0,-1.0,0,0.0,0.0,-1.0,0,0.0,0.0,-1.0,0,0.0,0.0,-1.0,0,0.0,0.0,-1.0,0,0.0,0.0,-1.0,0,0.0,0.0,-1.0,0,0.0,0.0,-1.0,0,0.0,0.0,-1.0,11152,10282.0,0.0,0.08461388834857031,3099,2771.0,0.0,0.11836881992060633,8083.381339,6147.62061,0.0,0.31487966675289014,0.0,0.0,0.0,-1.0,8083.381339,6147.62061,0.0,0.31487966675289014,8083.381339,6147.62061,0.0,0.31487966675289014,0.0,0.0,0.0,-1.0,8083.381339,6147.62061,0.0,0.31487966675289014,0.0,0.0,0.0,-1.0
SEM Non-Brand,Google Search - TNH Non-Brand,390,329.0,0.0,0.18541033434650456,96,67.0,0.37142857142857144,0.4328358208955223,205,224.0,-0.2881944444444444,-0.0848214285714286,206,222.0,-0.3700305810397554,-0.07207207207207211,396,429.0,-0.36639999999999995,-0.07692307692307687,12,22.0,0.0,-0.4545454545454546,807,875.0,-0.3491935483870968,-0.07771428571428574,1614,1750.0,-0.3491935483870968,-0.07771428571428574,23040,16080.0,0.37142857142857144,0.4328358208955223,7268,6671.0,-0.33758658403208164,0.08949183031029828,18560,15471.0,-0.8887623614024573,0.19966388727296236,3901,2978.0,-0.8115458937198068,0.30993955674949625,10390.340911,6983.0017020000005,-0.8643194358863185,0.48794764120193523,0.24615384615384617,0.20364741641337386,0.0,0.2087256027554536,26.64189977179487,21.224929185410335,0.0,0.2552173691165043,108.23271782291665,104.22390600000001,-0.9010662553337739,0.038463457922183864,0.11103467253714915,0.1311647429171039,-0.017522236227741517,-0.15347165657677497,12.875267547707558,7.980573373714286,-0.7915193314734015,0.6133261289364229,2.3727806634236046,2.553343212689367,0.0,-0.07071612949188322
SEM Brand,Bing Search - Brand,176,168.0,0.0,0.04761904761904767,146,97.0,0.0,0.5051546391752577,479,487.0,0.0,-0.01642710472279263,1177,1252.0,0.0,-0.05990415335463262,1534,1504.0,0.0,0.019946808510638236,97,149.0,0.0,-0.3489932885906041,3190,3243.0,0.0,-0.01634289238359543,6380,6486.0,0.0,-0.01634289238359543,35040,23280.0,0.0,0.5051546391752577,17341,17901.0,0.0,-0.03128316853807045,27137,25149.0,0.0,0.07904886874229589,9413,8695.0,0.0,0.08257619321449106,3305.25,2901.64,0.0,0.1390972002040225,0.8295454545454546,0.5773809523809523,0.0,0.4367385192127462,18.779829545454547,17.271666666666665,0.0,0.08732005474020355,22.638698630136986,29.91381443298969,0.0,-0.24320254506993022,0.18395709589989043,0.1811630635160047,0.0,0.015422748598192593,1.036128526645768,0.8947394387912426,0.0,0.15802263958045315,12.531578549277665,10.258336664782675,0.0,0.22159946186004298
SEM Non-Brand,Bing Search - Non-Brand (All Campaigns),521,615.0,0.0,-0.15284552845528454,69,55.0,0.0,0.25454545454545463,152,157.0,0.0,-0.031847133757961776,333,295.0,0.0,0.12881355932203387,464,441.0,0.0,0.05215419501133778,77,90.0,0.0,-0.1444444444444445,949,893.0,0.0,0.06270996640537518,1898,1786.0,0.0,0.06270996640537518,16560,13200.0,0.0,0.25454545454545463,21552,22332.0,0.0,-0.03492745835572275,140792,143927.0,0.0,-0.021781875534124917,16946,17785.0,0.0,-0.04717458532471186,17422.149999999998,18446.2,0.0,-0.05551549912719167,0.1324376199616123,0.08943089430894309,0.0,0.48089338684348304,33.43982725527831,29.993821138211384,0.0,0.11489053365984092,252.49492753623184,335.38545454545454,0.0,-0.2471500355361672,0.04403303637713437,0.03998746193802615,0.0,0.10117107320735141,18.35842992623814,20.65643896976484,0.0,-0.11124904185519735,1.0594559224894748,0.8124166494996259,0.0,0.3040795300564094
Paid Social + Display,Facebook Display Prospecting,264,263.0,0.0,0.0038022813688212143,27,19.0,0.0,0.42105263157894735,11,16.0,0.0,-0.3125,3,14.0,0.0,-0.7857142857142857,42,32.0,0.0,0.3125,4,13.0,0.0,-0.6923076923076923,56,62.0,0.0,-0.09677419354838712,112,124.0,0.0,-0.09677419354838712,6480,4560.0,0.0,0.42105263157894735,7845,7628.0,0.09322742474916379,0.028447823807026706,0,0.0,0.0,-1.0,0,0.0,0.0,-1.0,0.0,0.0,0.0,-1.0,0.10227272727272728,0.07224334600760456,0.0,0.4156698564593304,0.0,0.0,0.0,-1.0,0.0,0.0,0.0,-1.0,0.007138304652644997,0.008127949659150499,0.0,-0.12175825983264466,0.0,0.0,0.0,-1.0,6592.0,4684.0,0.0,0.40734415029888993
Paid Social + Display,Facebook Display Retargeting,8,6.0,-0.2727272727272727,0.33333333333333326,7,5.0,0.0,0.3999999999999999,3,6.0,0.0,-0.5,0,0.0,0.0,-1.0,1,1.0,0.0,0.0,1,6.0,0.0,-0.8333333333333334,4,7.0,0.0,-0.4285714285714286,8,14.0,0.0,-0.4285714285714286,1680,1200.0,0.0,0.3999999999999999,1360,1372.0,-0.3343122858541361,-0.008746355685131157,0,0.0,0.0,-1.0,0,0.0,0.0,-1.0,0.0,0.0,0.0,-1.0,0.875,0.8333333333333334,0.0,0.050000000000000044,0.0,0.0,0.0,-1.0,0.0,0.0,0.0,-1.0,0.0029411764705882353,0.00510204081632653,0.0,-0.4235294117647058,0.0,0.0,0.0,-1.0,1688.0,1214.0,0.0,0.3904448105436573
Paid Social + Display,Facebook Display Prospecting - Traveler,0,0.0,0.0,-1.0,0,0.0,0.0,-1.0,0,0.0,0.0,-1.0,0,0.0,0.0,-1.0,0,0.0,0.0,-1.0,0,0.0,0.0,-1.0,0,0.0,0.0,-1.0,0,0.0,0.0,-1.0,0,0.0,0.0,-1.0,333,47.0,0.0,6.085106382978723,0,0.0,0.0,-1.0,0,0.0,0.0,-1.0,0.0,0.0,0.0,-1.0,0.0,0.0,0.0,-1.0,0.0,0.0,0.0,-1.0,0.0,0.0,0.0,-1.0,0.0,0.0,0.0,-1.0,0.0,0.0,0.0,-1.0,0.0,0.0,0.0,-1.0
Paid Social + Display,Facebook - Other,0,0.0,0.0,-1.0,0,0.0,0.0,-1.0,0,0.0,0.0,-1.0,0,0.0,0.0,-1.0,0,0.0,0.0,-1.0,0,0.0,0.0,-1.0,0,0.0,0.0,-1.0,0,0.0,0.0,-1.0,0,0.0,0.0,-1.0,54,57.0,-0.976643598615917,-0.052631578947368474,0,0.0,0.0,-1.0,0,0.0,0.0,-1.0,0.0,0.0,0.0,-1.0,0.0,0.0,0.0,-1.0,0.0,0.0,0.0,-1.0,0.0,0.0,0.0,-1.0,0.0,0.0,0.0,-1.0,0.0,0.0,0.0,-1.0,0.0,0.0,0.0,-1.0
Paid Social + Display,Google Display Prospecting,160,361.0,0.0,-0.556786703601108,1,0.0,0.0,0.0,1,0.0,0.0,0.0,0,0.0,0.0,-1.0,1,0.0,0.0,0.0,9,16.0,0.0,-0.4375,2,0.0,0.0,1.0,4,0.0,0.0,3.0,240,0.0,0.0,239.0,2894,1908.0,0.0,0.5167714884696017,415008,32510.0,0.0,11.76554906182713,3427,899.0,0.0,2.8120133481646272,6162.1107759999995,2966.219928,0.0,1.0774288237470162,0.00625,0.0,0.0,-0.99375,38.51319235,8.216675700831026,0.0,3.6871987835792055,6162.1107759999995,2966.219928,0.0,1.0774288237470162,0.000691085003455425,0.0,0.0,-0.9993089149965446,3081.0553879999998,2966.219928,0.0,0.0387144118735081,0.039596821425269366,0.0,0.0,-0.9604031785747307
Paid Social + Display,Google Display Retargeting,13,0.0,0.0,12.0,0,0.0,0.0,-1.0,0,0.0,0.0,-1.0,0,0.0,0.0,-1.0,0,0.0,0.0,-1.0,1,0.0,0.0,0.0,0,0.0,0.0,-1.0,0,0.0,0.0,-1.0,0,0.0,0.0,-1.0,212,0.0,-0.7984790874524714,211.0,10587,0.0,-0.8792664986486333,10586.0,259,0.0,-0.789259560618389,258.0,527.572714,0.0,0.0,526.572714,0.0,0.0,0.0,-1.0,40.58251646153846,0.0,0.0,39.58251646153846,527.572714,0.0,0.0,526.572714,0.0,0.0,0.0,-1.0,527.572714,0.0,0.0,526.572714,0.0,0.0,0.0,-1.0
SEM Non-Brand,Google Search - Non-Brand (Other),1,0.0,-0.9995850622406639,0.0,1,0.0,-0.9988901220865705,0.0,0,1.0,0.0,-1.0,0,1.0,0.0,-1.0,0,7.0,0.0,-1.0,0,0.0,0.0,-1.0,0,9.0,0.0,-1.0,0,18.0,0.0,-1.0,240,0.0,-0.9988901220865705,239.0,22,29.0,-0.9998732777291369,-0.24137931034482762,0,0.0,0.0,-1.0,0,0.0,0.0,-1.0,0.0,0.0,0.0,-1.0,1.0,0.0,0.0,0.0,0.0,0.0,0.0,-1.0,0.0,0.0,0.0,-1.0,0.0,0.3103448275862069,0.0,-1.0,0.0,0.0,0.0,-1.0,240.0,18.0,0.0,12.333333333333334
Paid Total,Paid Total,3755,3938.0,0.42721398707715696,-0.04647028948704923,1054,952.0,0.07881269191402263,0.1071428571428572,5371,5053.0,0.2262557077625571,0.06293291114189592,7443,7826.0,0.26409646739130443,-0.048939432660362936,12228,12765.0,0.4188906938964958,-0.04206815511163342,972,1193.0,0.0,-0.18524727577535627,25042,25644.0,0.32595573440643855,-0.02347527686788331,50084,51288.0,0.32595573440643855,-0.02347527686788331,252960,228480.0,0.07881269191402263,0.1071428571428572,214592,215744.0,0.08811195902948565,-0.005339661821417985,845615,404325.0,0.51303394067137,1.0914239782353303,116409,107946.0,-0.07224604300492532,0.0784003112667444,121526.256604,113941.9941,-0.14866726495396643,0.06656248702601908,0.2806924101198402,0.24174707973590656,-0.24411286486663297,0.1610994863990869,32.363849961118504,28.933975139664803,-0.40350028604364474,0.118541431134078,115.30005370398482,119.68696859243697,-0.21086140214423643,-0.03665323752488592,0.1166958693707128,0.11886309700385642,0.218583918137516,-0.018232972956049642,4.852897396533823,4.443222356106691,-0.3579478462551158,0.09220223693376073,2.4936504132393837,2.4553546057344278,0.30748067317346894,0.015596854081898037
SEM Brand Total,SEM Brand Total,1899,1831.0,0.0,0.03713817586018564,747,697.0,0.0,0.07173601147776187,4256,4109.0,0.0,0.035775127768313375,6164,6729.0,0.0,-0.08396492792391141,9886,10882.0,0.0,-0.09152729277706306,704,909.0,0.0,-0.22552255225522555,20306,21720.0,0.0,-0.06510128913443836,40612,43440.0,0.0,-0.06510128913443836,179280,167280.0,0.0,0.07173601147776187,144019,150283.0,0.0,-0.041681361165268216,128656,123091.0,0.0,0.04521045405431745,73752,71086.0,0.0,0.0375038685535829,42479.672539,38758.752226,0.0,0.09600206661204003,0.3933649289099526,0.3806663025669033,0.0,0.0333589452426446,22.369495807793577,21.1680787689787,0.0,0.056756073705447774,56.86703151137885,55.60796589096126,0.0,0.022641821189547162,0.14099528534429484,0.14452732511328625,0.0,-0.024438560432934464,2.091976388210381,1.784472938581952,0.0,0.17232172199416462,5.1764052511967975,5.43670752792309,0.0,-0.04787866100748894
SEM Non-Brand Total,SEM Non-Brand Total,1411,1477.0,-0.45394736842105265,-0.04468517264725791,272,231.0,-0.7198764160659115,0.17748917748917759,1100,922.0,-0.7483989021043,0.1930585683297179,1276,1083.0,-0.783177570093458,0.17820867959372122,2298,1850.0,-0.7330700429782786,0.24216216216216213,253,249.0,0.0,0.016064257028112428,4674,3855.0,-0.7522527297784374,0.2124513618677042,9348,7710.0,-0.7522527297784374,0.2124513618677042,65280,55440.0,-0.7198764160659115,0.17748917748917759,57875,54449.0,-0.6864503196445986,0.06292126577163959,291364,248724.0,-0.3816527234835462,0.17143500426175207,38971,35961.0,-0.6863374783693509,0.0837017880481632,72356.900575,72217.021946,-0.4925266025834114,0.0019369204826060749,0.1927710843373494,0.15639810426540285,-0.48700259327733175,0.23256663015699153,51.280581555634306,48.89439535951252,-0.07065112762263281,0.04880285723090649,266.01801681985296,312.6278006320346,0.8116054003364248,-0.14909033591366927,0.08076025917926566,0.07080019835075024,-0.209862788121019,0.14067843114185097,15.480723272357725,18.73333902619974,0.0,-0.17362712270850533,1.031387461416288,0.8744475789547259,-0.4568937891686159,0.1794731739656259
Google SEM Total,Google SEM Total,2613,2525.0,0.011222910216718285,0.03485148514851488,804,776.0,-0.1719876416065912,0.03608247422680422,4725,4387.0,0.08074107959743815,0.07704581718714376,5930,6265.0,0.007646559048428259,-0.05347166799680769,10186,10787.0,0.18318039261238228,-0.055715212756095256,783,919.0,0.0,-0.1479869423286181,20841,21439.0,0.10468567793914985,-0.027893092028546063,41682,42878.0,0.10468567793914985,-0.027893092028546063,192960,186240.0,-0.1719876416065912,0.03608247422680422,163001,164499.0,-0.11690865749268609,-0.009106438337011191,252091,202739.0,-0.44578088106617886,0.24342627713464116,86364,80567.0,-0.2908369805309444,0.07195253639827714,94109.173114,89627.934172,-0.326988080773445,0.04999823976083517,0.3076923076923077,0.3073267326732673,-0.18117721619266414,0.0011895321173671647,36.01575702793724,35.49621155326732,-0.33445740555628845,0.014636645769655177,117.05121034079603,115.49991517010308,-0.18719580401867553,0.01343113688359221,0.1278581112999307,0.1303290597511231,0.25093025462425556,-0.0189593054374132,4.515578576555828,4.180602368207472,-0.39076614039018354,0.08012630210798655,2.4932957355364738,2.5563235626999097,0.28759488622975304,-0.02465565317438445
Bing SEM Total,Bing SEM Total,697,783.0,0.0,-0.10983397190293742,215,152.0,0.0,0.4144736842105263,631,644.0,0.0,-0.02018633540372672,1510,1547.0,0.0,-0.023917259211376884,1998,1945.0,0.0,0.02724935732647804,174,239.0,0.0,-0.2719665271966527,4139,4136.0,0.0,0.0007253384912959682,8278,8272.0,0.0,0.0007253384912959682,51600,36480.0,0.0,0.4144736842105263,38893,40233.0,0.0,-0.03330599259314493,167929,169076.0,0.0,-0.006783931486432082,26359,26480.0,0.0,-0.004569486404833789,20727.399999999998,21347.84,0.0,-0.02906336191389869,0.3084648493543759,0.194125159642401,0.0,0.588999848976818,29.73802008608321,27.264163473818645,0.0,0.09073656760605076,96.40651162790697,140.4463157894737,0.0,-0.3135703767949424,0.10642017843827938,0.1028011831083936,0.0,0.03520382957139612,5.007827977772409,5.16147001934236,0.0,-0.029767109175135253,2.8888331387438853,2.0963244993404486,0.0,0.3780467383044839
Paid Social + Display Total,Paid Social + Display Total,445,630.0,0.0,-0.2936507936507936,35,24.0,0.0,0.45833333333333326,15,22.0,0.875,-0.31818181818181823,3,14.0,0.0,-0.7857142857142857,44,33.0,0.0,0.33333333333333326,15,35.0,0.0,-0.5714285714285714,62,69.0,0.0,-0.10144927536231885,124,138.0,0.0,-0.10144927536231885,8400,5760.0,0.0,0.45833333333333326,12698,11012.0,0.00498614958448762,0.1531057028695968,425595,32510.0,0.0,12.091202706859427,3686,899.0,0.0,3.1001112347052278,6689.68349,2966.219928,0.0,1.2552891061286133,0.07865168539325842,0.0380952380952381,0.0,1.0646067415730336,15.032996606741573,4.7082856,0.0,2.192881206429273,191.133814,123.592497,0.0,0.5464839584881922,0.004882658686407308,0.006265891754449691,0.0,-0.22075597891714083,107.89812080645162,42.98869460869565,0.0,1.5099185213366826,1.274200791822514,1.9883893113673397,0.0,-0.35917941997671743
Non-Paid Total,Non-Paid Total,2378,2178.0,-0.6290750272968335,0.09182736455463725,1612,1446.0,-0.3486868686868687,0.11479944674965425,8587,8609.0,-0.006709080393290878,-0.0025554652108258358,12657,12694.0,-0.023756266872348664,-0.0029147628801008407,22967,25288.0,0.11198799264065062,-0.09178266371401456,1090,1436.0,0.0,-0.24094707520891367,44211,46591.0,0.0460675752413402,-0.0510828271554592,88422,93182.0,0.0460675752413402,-0.0510828271554592,386880,347040.0,-0.3486868686868687,0.11479944674965425,578969,585350.0,-0.1368552716517062,-0.010901170240027347,0,0.0,0.0,-1.0,0,0.0,0.0,-1.0,0.0,0.0,0.0,-1.0,0.6778805719091674,0.6639118457300276,0.7559160995998675,0.02104003154783296,0.0,0.0,0.0,-1.0,0.0,0.0,0.0,-1.0,0.07636160139834776,0.07959511403433843,0.211926043090231,-0.040624511632657345,0.0,0.0,0.0,-1.0,475302.0,440222.0,0.0,0.07968706697984196
Direct,Direct,789,766.0,-0.7721628645682934,0.030026109660574507,866,830.0,-0.3580429948109711,0.04337349397590362,4094,4177.0,0.08738379814077035,-0.01987072061288009,5356,5122.0,-0.08428791246366896,0.045685279187817285,10246,10284.0,0.09267356297323248,-0.0036950602878257355,577,724.0,0.0,-0.20303867403314912,19696,19583.0,0.03712284766468321,0.005770310984016813,39392,39166.0,0.03712284766468321,0.005770310984016813,207840,199200.0,-0.3580429948109711,0.04337349397590362,328865,313177.0,-0.11977099297936633,0.05009307835505172,0,0.0,0.0,-1.0,0,0.0,0.0,-1.0,0.0,0.0,0.0,-1.0,1.097591888466413,1.08355091383812,0.0,0.01295829706659335,0.0,0.0,0.0,-1.0,0.0,0.0,0.0,-1.0,0.05989083666550104,0.06253013471615093,0.17824207040744788,-0.04220841779136908,0.0,0.0,0.0,-1.0,247232.0,238366.0,0.0,0.037194901957493975
Organic Search (SEO),Organic Search (SEO),340,312.0,-0.8211467648605997,0.08974358974358965,322,258.0,-0.590851334180432,0.24806201550387597,2489,2686.0,-0.26098574821852727,-0.073343261355175,4196,4509.0,-0.07536359629792855,-0.06941672211133287,7606,9555.0,0.10040509259259256,-0.20397697540554682,285,392.0,0.0,-0.2729591836734694,14291,16750.0,-0.03556485355648531,-0.14680597014925378,28582,33500.0,-0.03556485355648531,-0.14680597014925378,77280,61920.0,-0.590851334180432,0.24806201550387597,101646,112284.0,-0.2734901007790722,-0.09474190445655661,0,0.0,0.0,-1.0,0,0.0,0.0,-1.0,0.0,0.0,0.0,-1.0,0.9470588235294117,0.8269230769230769,0.0,0.14528043775649802,0.0,0.0,0.0,-1.0,0.0,0.0,0.0,-1.0,0.14059579324321667,0.14917530547540167,0.3274907162004619,-0.0575129523270842,0.0,0.0,0.0,-1.0,105862.0,95420.0,0.0,0.10943198490882411
Email,Email,7,7.0,-0.6818181818181819,0.0,44,47.0,0.0,-0.06382978723404253,215,175.0,0.0,0.22857142857142865,165,209.0,0.06451612903225801,-0.21052631578947367,431,489.0,0.0,-0.11860940695296529,16,34.0,0.0,-0.5294117647058824,811,873.0,0.963680387409201,-0.07101947308132872,1622,1746.0,0.963680387409201,-0.07101947308132872,10560,11280.0,0.0,-0.06382978723404253,20363,23698.0,0.0,-0.14072917545784458,0,0.0,0.0,-1.0,0,0.0,0.0,-1.0,0.0,0.0,0.0,-1.0,6.285714285714286,6.714285714285714,0.0,-0.06382978723404253,0.0,0.0,0.0,-1.0,0.0,0.0,0.0,-1.0,0.03982713745518833,0.036838551776521226,-0.6230404835052514,0.08112657893820496,0.0,0.0,0.0,-1.0,12182.0,13026.0,0.0,-0.06479348994319056
Referral,Referral,68,69.0,-0.6991150442477876,-0.01449275362318836,52,58.0,-0.14754098360655743,-0.10344827586206895,441,342.0,0.8846153846153846,0.2894736842105263,1215,1193.0,0.6135458167330676,0.018440905280804776,1457,1766.0,0.2357930449533503,-0.17497168742921854,71,78.0,0.0,-0.08974358974358976,3113,3301.0,0.43721144967682357,-0.05695243865495303,6226,6602.0,0.43721144967682357,-0.05695243865495303,12480,13920.0,-0.14754098360655743,-0.10344827586206895,40821,44007.0,-0.01815951510486824,-0.07239757311336836,0,0.0,0.0,-1.0,0,0.0,0.0,-1.0,0.0,0.0,0.0,-1.0,0.7647058823529411,0.8405797101449275,0.0,-0.09026369168356996,0.0,0.0,0.0,-1.0,0.0,0.0,0.0,-1.0,0.07625976825653463,0.07501079373735997,0.4637932248539629,0.016650597293341285,0.0,0.0,0.0,-1.0,18706.0,20522.0,0.0,-0.08849040054575574
Organic Social,Organic Social,714,652.0,0.7204819277108434,0.0950920245398772,171,136.0,0.37903225806451624,0.25735294117647056,622,551.0,0.2591093117408907,0.12885662431941913,736,742.0,0.060518731988472574,-0.008086253369272267,1327,1352.0,0.0037821482602118373,-0.01849112426035504,66,93.0,0.0,-0.29032258064516125,2685,2645.0,0.06972111553784854,0.01512287334593565,5370,5290.0,0.06972111553784854,0.01512287334593565,41040,32640.0,0.37903225806451624,0.25735294117647056,54094,56313.0,-0.11464999427159206,-0.039404755562658766,0,0.0,0.0,-1.0,0,0.0,0.0,-1.0,0.0,0.0,0.0,-1.0,0.23949579831932774,0.2085889570552147,-0.19846164272160471,0.14817103311913016,0.0,0.0,0.0,-1.0,0.0,0.0,0.0,-1.0,0.04963581912966318,0.04696961625201996,0.20824657888577325,0.05676441688042444,0.0,0.0,0.0,-1.0,46410.0,37930.0,0.0,0.22356973372001065
Organic Video,Organic Video,419,347.0,0.5404411764705883,0.20749279538904908,127,84.0,0.1869158878504673,0.5119047619047619,483,445.0,0.10273972602739723,0.08539325842696632,579,596.0,-0.07507987220447288,-0.028523489932885893,1075,1073.0,-0.11303630363036299,0.0018639328984155767,49,51.0,0.0,-0.039215686274509776,2137,2114.0,-0.06107205623901579,0.010879848628192912,4274,4228.0,-0.06107205623901579,0.010879848628192912,30480,20160.0,0.1869158878504673,0.5119047619047619,20665,21622.0,-0.17134493543989093,-0.04426047544167977,0,0.0,0.0,-1.0,0,0.0,0.0,-1.0,0.0,0.0,0.0,-1.0,0.3031026252983294,0.2420749279538905,-0.2294961300827515,0.2521025116490512,0.0,0.0,0.0,-1.0,0.0,0.0,0.0,-1.0,0.10341156544882651,0.09777078901119231,0.13307452511548146,0.057693882750485814,0.0,0.0,0.0,-1.0,34754.0,24388.0,0.0,0.42504510414958174
Undefined/Other,Undefined/Other,41,25.0,-0.6339285714285714,0.6399999999999999,30,33.0,-0.09090909090909094,-0.09090909090909094,243,233.0,-0.1413427561837456,0.0429184549356223,410,323.0,0.17142857142857149,0.2693498452012384,825,769.0,0.8052516411378556,0.07282184655396629,26,64.0,0.0,-0.59375,1478,1325.0,0.3559633027522935,0.11547169811320757,2956,2650.0,0.3559633027522935,0.11547169811320757,7200,7920.0,-0.09090909090909094,-0.09090909090909094,12515,14249.0,-0.5134515200995258,-0.12169275036844696,0,0.0,0.0,-1.0,0,0.0,0.0,-1.0,0.0,0.0,0.0,-1.0,0.7317073170731707,1.32,0.0,-0.44567627494456763,0.0,0.0,0.0,-1.0,0.0,0.0,0.0,-1.0,0.11809828206152617,0.09298898168292512,0.0,0.27002446875070674,0.0,0.0,0.0,-1.0,10156.0,10570.0,0.0,-0.03916745506149477
